{"cameraMode":{"drawMode":0,"name":"Shaded","section":"Shading Mode"},"sceneLighting":true,"audioPlay":false,"sceneViewState":{"m_AlwaysRefresh":false,"showFog":true,"showSkybox":true,"showFlares":true,"showImageEffects":true,"showParticleSystems":true,"showVisualEffectGraphs":true,"m_FxEnabled":true},"in2DMode":false,"pivot":{"x":-6.1276326179504398,"y":8.022367477416993,"z":3.0256662368774416},"rotation":{"x":-0.05237990617752075,"y":0.9399279356002808,"z":-0.29229864478111269,"w":-0.16843241453170777},"size":17.93708038330078,"orthographic":true}