{"cameraMode":{"drawMode":0,"name":"Shaded","section":"Shading Mode"},"sceneLighting":false,"audioPlay":false,"sceneViewState":{"m_AlwaysRefresh":false,"showFog":true,"showSkybox":false,"showFlares":true,"showImageEffects":true,"showParticleSystems":true,"showVisualEffectGraphs":true,"m_FxEnabled":true},"in2DMode":false,"pivot":{"x":-4.900649547576904,"y":1.2076058387756348,"z":-1.182342529296875},"rotation":{"x":-0.006038164719939232,"y":0.2903498411178589,"z":-0.001831707893870771,"w":-0.9569043517112732},"size":3.4748077392578127,"orthographic":false}