{"cameraMode":{"drawMode":0,"name":"Shaded","section":"Shading Mode"},"sceneLighting":false,"audioPlay":false,"sceneViewState":{"m_AlwaysRefresh":false,"showFog":true,"showSkybox":false,"showFlares":true,"showImageEffects":true,"showParticleSystems":true,"showVisualEffectGraphs":true,"m_FxEnabled":true},"in2DMode":false,"pivot":{"x":-0.687252402305603,"y":-0.8674114942550659,"z":-2.2877538204193117},"rotation":{"x":0.006903862114995718,"y":0.9902694225311279,"z":-0.1284574270248413,"w":0.05321258306503296},"size":0.7229042649269104,"orthographic":true}